de_anio,a_anio,tipo,ticker_baja,empresa_baja,ticker_alta,empresa_alta,similitud_nombre
2017,2018,POSIBLE_RENAME_O_FUSION,HCN,WELLTOWER INC,WELL,WELLTOWER INC,1.0
2017,2018,POSIBLE_RENAME_O_FUSION,CBG,CBRE GROUP INC,CBRE,CBRE GROUP INC,1.0
2017,2018,BAJA,ACAD,ACADIA PHARMACEUTICALS,,,
2017,2018,BAJA,AKRX,AKORN INC,,,
2017,2018,BAJA,ALR,ALERE INC,,,
2017,2018,BAJA,AWH,ALLIED WRLD ASSUR COM,,,
2017,2018,BAJA,BBBY,BED BATH & BEYOND INC,,,
2017,2018,BAJA,BCR,CR BARD INC,,,
2017,2018,BAJA,BHI,BAKER HUGHES INC,,,
2017,2018,BAJA,BIVV,BIOVERATIV,,,
2017,2018,BAJA,BKD,BROOKDALE SENIOR LIVING,,,
2017,2018,BAJA,BKFS,BLACK KNIGHT FINL SVCS,,,
2017,2018,BAJA,BRCD,BROCADE COMMUNICATIONS,,,
2017,2018,BAJA,BUFF,BLUE BUFFALO PET PROD,,,
2017,2018,BAJA,CAA,CALATLANTIC GROUP INC,,,
2017,2018,BAJA,CAB,CABELAS INC,,,
2017,2018,BAJA,CLNS,COLONY NORTHSTAR INC,,,
2017,2018,BAJA,COH,COACH INC,,,
2017,2018,BAJA,CPN,CALPINE CORP,,,
2017,2018,BAJA,CSRA,CSRA INC,,,
2017,2018,BAJA,CST,CST BRANDS INC,,,
2017,2018,BAJA,CXW,CORECIVIC INC,,,
2017,2018,BAJA,DD,DU PONT E I DE NEMOURS,,,
2017,2018,BAJA,DFT,DUPONT FABROS TECHNOLOGY,,,
2017,2018,BAJA,DLPH,DELPHI AUTOMOTIVE PLC,,,
2017,2018,BAJA,DOW,DOW CHEMICAL CO,,,
2017,2018,BAJA,DST,DST SYSTEMS INC,,,
2017,2018,BAJA,ENDP,ENDO INTERNATIONAL PLC,,,
2017,2018,BAJA,EPC,EDGEWELL PERSONAL CARE,,,
2017,2018,BAJA,FII,FEDERATED INVESTORS INC,,,
2017,2018,BAJA,GME,GAMESTOP CORP,,,
2017,2018,BAJA,GPOR,GULFPORT ENERGY CORP,,,
2017,2018,BAJA,GXP,GREAT PLAINS ENERGY INC,,,
2017,2018,BAJA,ICPT,INTERCEPT PHARMA INC,,,
2017,2018,BAJA,INT,WORLD FUEL SVCS CORP,,,
2017,2018,BAJA,JUNO,JUNO THERAPEUTICS INC,,,
2017,2018,BAJA,KATE,KATE SPADE & CO,,,
2017,2018,BAJA,LEXEA,LIBERTY EXPEDIA HOLDINGS,,,
2017,2018,BAJA,LPI,LAREDO PETROLEUM INC,,,
2017,2018,BAJA,LPNT,LIFEPOINT HEALTH INC,,,
2017,2018,BAJA,LUK,LEUCADIA NATIONAL CORP,,,
2017,2018,BAJA,LVLT,LEVEL 3 COMMUNICATIONS,,,
2017,2018,BAJA,LVNTA,LIBERTY VENTURES,,,
2017,2018,BAJA,MNK,MALLINCKRODT PLC,,,
2017,2018,BAJA,MON,MONSANTO CO,,,
2017,2018,BAJA,MSCC,MICROSEMI CORP,,,
2017,2018,BAJA,MUSA,MURPHY USA INC,,,
2017,2018,BAJA,OA,ORBITAL ATK INC,,,
2017,2018,BAJA,OII,OCEANEERING INTL INC,,,
2017,2018,BAJA,OPK,OPKO HEALTH INC,,,
2017,2018,BAJA,P,PANDORA MEDIA INC,,,
2017,2018,BAJA,PBI,PITNEY BOWES INC,,,
2017,2018,BAJA,PCLN,THE PRICELINE GROUP INC,,,
2017,2018,BAJA,PDCO,PATTERSON COS INC,,,
2017,2018,BAJA,PDM,PIEDMONT OFFICE RLTY TR,,,
2017,2018,BAJA,PNRA,PANERA BREAD CO,,,
2017,2018,BAJA,PRA,PROASSURANCE CORP,,,
2017,2018,BAJA,PTHN,PATHEON NV,,,
2017,2018,BAJA,Q,QUINTILES IMS HOLDINGS,,,
2017,2018,BAJA,QVCA,LIBERTY INTERACTIVE QVC,,,
2017,2018,BAJA,RAD,RITE AID CORP,,,
2017,2018,BAJA,RAI,REYNOLDS AMERICAN INC,,,
2017,2018,BAJA,RGC,REGAL ENTMT GROUP,,,
2017,2018,BAJA,RICE,RICE ENERGY INC,,,
2017,2018,BAJA,SAVE,SPIRIT AIRLS INC,,,
2017,2018,BAJA,SBH,SALLY BEAUTY HOLDINGS,,,
2017,2018,BAJA,SIG,SIGNET JEWELERS LTD,,,
2017,2018,BAJA,SKT,TANGER FACTORY OUTLET,,,
2017,2018,BAJA,SNI,SCRIPPS NTWK INTERACTIVE,,,
2017,2018,BAJA,SPLS,STAPLES INC,,,
2017,2018,BAJA,SWN,SOUTHWESTERN ENERGY CO,,,
2017,2018,BAJA,TAHO,TAHOE RES INC,,,
2017,2018,BAJA,TGNA,TEGNA INC,,,
2017,2018,BAJA,TSO,TESORO CORP,,,
2017,2018,BAJA,TUP,TUPPERWARE BRANDS CORP,,,
2017,2018,BAJA,TWX,TIME WARNER INC,,,
2017,2018,BAJA,VNTV,VANTIV INC,,,
2017,2018,BAJA,VWR,VWR CORPORATION,,,
2017,2018,BAJA,WFM,WHOLE FOODS MARKET INC,,,
2017,2018,BAJA,WOOF,VCA INC,,,
2017,2018,BAJA,WR,WESTAR ENERGY INC,,,
2017,2018,BAJA,WYN,WYNDHAM WORLDWIDE CORP,,,
2017,2018,BAJA,XON,INTREXON CORP,,,
2017,2018,ALTA,,,ADT,ADT INC,
2017,2018,ALTA,,,ANDV,ANDEAVOR,
2017,2018,ALTA,,,APTV,APTIV PLC,
2017,2018,ALTA,,,APY,APERGY CORPORATION,
2017,2018,ALTA,,,AZPN,ASPEN TECHNOLOGY INC,
2017,2018,ALTA,,,BHF,BRIGHTHOUSE FINANCIAL,
2017,2018,ALTA,,,BHGE,BAKER HUGHES GE,
2017,2018,ALTA,,,BKI,BLACK KNIGHT,
2017,2018,ALTA,,,BKNG,BOOKING HOLDINGS INC,
2017,2018,ALTA,,,BLUE,BLUEBIRD BIO INC,
2017,2018,ALTA,,,CDAY,CERIDIAN HCM HOLDING,
2017,2018,ALTA,,,CHE,CHEMED CORPORATION,
2017,2018,ALTA,,,CLNY,COLONY CAPITAL INC,
2017,2018,ALTA,,,CMD,CANTEL MEDICAL CORP,
2017,2018,ALTA,,,COLM,COLUMBIA SPORTSWEAR CO,
2017,2018,ALTA,,,CTLT,CATALENT INC,
2017,2018,ALTA,,,CW,CURTISS WRIGHT CORP,
2017,2018,ALTA,,,CZR,CAESARS ENTMT CORP,
2017,2018,ALTA,,,DOCU,DOCUSIGN,
2017,2018,ALTA,,,DWDP,DOWDUPONT INC,
2017,2018,ALTA,,,EAF,GRAFTECH INTERNATIONAL,
2017,2018,ALTA,,,EHC,ENCOMPASS HEALTH CORP,
2017,2018,ALTA,,,EPAM,EPAM SYSTEMS INC,
2017,2018,ALTA,,,EQH,AXA EQUITABLE HOLDINGS,
2017,2018,ALTA,,,EVR,EVERCORE INC,
2017,2018,ALTA,,,EVRG,EVERGY INC,
2017,2018,ALTA,,,EXAS,EXACT SCIENCES CORP,
2017,2018,ALTA,,,FCNCA,FIRST CITIZENS BANCSHRS,
2017,2018,ALTA,,,FICO,FAIR ISAAC CORP,
2017,2018,ALTA,,,GLIBA,GCI LIBERTY INC,
2017,2018,ALTA,,,GRUB,GRUBHUB INC,
2017,2018,ALTA,,,GTES,GATES INDUSTRIAL CORP,
2017,2018,ALTA,,,IART,INTEGRA LIFESCIENCES,
2017,2018,ALTA,,,ICUI,ICU MEDICAL INC,
2017,2018,ALTA,,,IQV,IQVIA HOLDINGS INC,
2017,2018,ALTA,,,JAZZ,JAZZ PHARMACEUTICALS PLC,
2017,2018,ALTA,,,JBGS,JBG SMITH PROPERTIES,
2017,2018,ALTA,,,JEF,JEFFERIES FINANCIAL GRP,
2017,2018,ALTA,,,KNX,KNIGHT-SWIFT TRANSPORT,
2017,2018,ALTA,,,LFUS,LITTELFUSE INC,
2017,2018,ALTA,,,LOPE,GRAND CANYON EDUCATION,
2017,2018,ALTA,,,MASI,MASIMO CORPORATION,
2017,2018,ALTA,,,MKSI,MKS INSTRUMENTS INC,
2017,2018,ALTA,,,MOH,MOLINA HEALTHCARE INC,
2017,2018,ALTA,,,MPWR,MONOLITHIC POWER SYSTEMS,
2017,2018,ALTA,,,NKTR,NEKTAR THERAPEUTICS,
2017,2018,ALTA,,,NTNX,NUTANIX INC,
2017,2018,ALTA,,,NVT,NVENT ELECTRIC PLC,
2017,2018,ALTA,,,OKTA,OKTA INC,
2017,2018,ALTA,,,PAYC,PAYCOM SOFTWARE INC,
2017,2018,ALTA,,,PEGA,PEGASYSTEMS INC,
2017,2018,ALTA,,,PEN,PENUMBRA INC,
2017,2018,ALTA,,,PFPT,PROOFPOINT INC,
2017,2018,ALTA,,,PODD,INSULET CORP,
2017,2018,ALTA,,,PRAH,PRA HEALTH SCIENCES INC,
2017,2018,ALTA,,,PSTG,PURE STORAGE INC,
2017,2018,ALTA,,,QRTEA,QURATE RETAIL INC,
2017,2018,ALTA,,,RNG,RINGCENTRAL INC,
2017,2018,ALTA,,,RP,REALPAGE INC,
2017,2018,ALTA,,,SAGE,SAGE THERAPEUTICS INC,
2017,2018,ALTA,,,SNDR,SCHNEIDER NATIONAL INC,
2017,2018,ALTA,,,SRPT,SAREPTA THERAPEUTICS INC,
2017,2018,ALTA,,,STL,STERLING BANCORP,
2017,2018,ALTA,,,SWCH,SWITCH INC,
2017,2018,ALTA,,,TCBI,TEXAS CAPITAL BANCSHARES,
2017,2018,ALTA,,,TPR,TAPESTRY INC,
2017,2018,ALTA,,,TWLO,TWILIO INC,
2017,2018,ALTA,,,TWOU,2U INC,
2017,2018,ALTA,,,UBNT,UBIQUITI NETWORKS INC,
2017,2018,ALTA,,,UMPQ,UMPQUA HOLDINGS CORP,
2017,2018,ALTA,,,VICI,VICI PROPERTIES INC,
2017,2018,ALTA,,,VIRT,VIRTU FINL INC,
2017,2018,ALTA,,,WH,WYNDHAM HOTELS & RESORTS,
2017,2018,ALTA,,,WP,WORLDPAY INC,
2017,2018,ALTA,,,WTFC,WINTRUST FINANCIAL CORP,
2017,2018,ALTA,,,WYND,WYNDHAM DESTINATIONS INC,
2017,2018,ALTA,,,ZEN,ZENDESK INC,
2018,2019,POSIBLE_RENAME_O_FUSION,DVMT,DELL TECHNOLOGIES,DELL,DELL TECHNOLOGIES,1.0
2018,2019,BAJA,ADNT,ADIENT PLC,,,
2018,2019,BAJA,AET,AETNA INC,,,
2018,2019,BAJA,AHL,ASPEN INSURANCE HOLDINGS,,,
2018,2019,BAJA,ANDV,ANDEAVOR,,,
2018,2019,BAJA,ARRS,ARRIS INTERNATIONAL PLC,,,
2018,2019,BAJA,ATHN,ATHENAHEALTH INC,,,
2018,2019,BAJA,BMS,BEMIS INC,,,
2018,2019,BAJA,CA,CA INC,,,
2018,2019,BAJA,CAVM,CAVIUM INC,,,
2018,2019,BAJA,CNDT,CONDUENT INC,,,
2018,2019,BAJA,CNX,CNX RESOURCES CORP,,,
2018,2019,BAJA,COL,ROCKWELL COLLINS INC,,,
2018,2019,BAJA,DCT,DCT INDUSTRIAL TRUST INC,,,
2018,2019,BAJA,DDR,DDR CORP,,,
2018,2019,BAJA,DNB,DUN & BRADSTREET CORP,,,
2018,2019,BAJA,DPS,DR PEPPER SNAPPLE GROUP,,,
2018,2019,BAJA,DWDP,DOWDUPONT INC,,,
2018,2019,BAJA,EGN,ENERGEN CORP,,,
2018,2019,BAJA,ESRX,EXPRESS SCRIPTS HOLD CO,,,
2018,2019,BAJA,EVHC,ENVISION HEALTHCARE CORP,,,
2018,2019,BAJA,FCE.A,FOREST CITY REALTY TRUST,,,
2018,2019,BAJA,GGP,GGP INC,,,
2018,2019,BAJA,HRS,HARRIS CORP,,,
2018,2019,BAJA,KORS,MICHAEL KORS HLDGS LTD,,,
2018,2019,BAJA,MIK,MICHAELS COS INC/THE,,,
2018,2019,BAJA,NBR,NABORS INDUSTRIES LTD,,,
2018,2019,BAJA,NFX,NEWFIELD EXPLORATION CO,,,
2018,2019,BAJA,NXPI,NXP SEMICONDUCTORS NV,,,
2018,2019,BAJA,OZRK,BANK OF THE OZARKS INC,,,
2018,2019,BAJA,PAH,PLATFORM SPECIALTY PRODS,,,
2018,2019,BAJA,PF,PINNACLE FOODS INC,,,
2018,2019,BAJA,PX,PRAXAIR INC,,,
2018,2019,BAJA,QEP,QEP RESOURCES INC,,,
2018,2019,BAJA,RES,RPC INC,,,
2018,2019,BAJA,RLGY,REALOGY HOLDINGS CORP,,,
2018,2019,BAJA,RSPP,RSP PERMIAN INC,,,
2018,2019,BAJA,SCG,SCANA CORP,,,
2018,2019,BAJA,SM,SM ENERGY CO,,,
2018,2019,BAJA,SNH,SENIOR HOUSING PPTYS TR,,,
2018,2019,BAJA,TEX,TEREX CORP,,,
2018,2019,BAJA,TSRO,TESARO INC,,,
2018,2019,BAJA,ULTI,ULTIMATE SOFTWARE GROUP,,,
2018,2019,BAJA,UNIT,UNITI GROUP INC,,,
2018,2019,BAJA,USG,U S G CORP,,,
2018,2019,BAJA,VC,VISTEON CORP,,,
2018,2019,BAJA,VR,VALIDUS HOLDINGS LTD,,,
2018,2019,BAJA,VVC,VECTREN CORP,,,
2018,2019,BAJA,WBT,WELBILT,,,
2018,2019,BAJA,WFT,WEATHERFORD INTL PLC,,,
2018,2019,BAJA,WLL,WHITING PETROLEUM CORP,,,
2018,2019,BAJA,XL,XL GROUP LTD,,,
2018,2019,BAJA,XOG,EXTRACTION OIL & GAS INC,,,
2018,2019,ALTA,,,AM,ANTERO MIDSTREAM CORP,
2018,2019,ALTA,,,ATUS,ALTICE USA,
2018,2019,ALTA,,,AVLR,AVALARA INC,
2018,2019,ALTA,,,AYX,ALTERYX INC,
2018,2019,ALTA,,,BPR,BROOKFIELD PROPERTY REIT,
2018,2019,ALTA,,,BYND,BEYOND MEAT,
2018,2019,ALTA,,,CACI,CACI INTERNATIONAL INC,
2018,2019,ALTA,,,CIEN,CIENA CORP,
2018,2019,ALTA,,,COLD,AMERICOLD REALTY TRUST,
2018,2019,ALTA,,,COUP,COUPA SOFTWARE INC,
2018,2019,ALTA,,,CPRI,CAPRI HOLDINGS LIMITED,
2018,2019,ALTA,,,CREE,CREE INC,
2018,2019,ALTA,,,CTVA,CORTEVA,
2018,2019,ALTA,,,CUZ,COUSINS PROPERTIES INC,
2018,2019,ALTA,,,CVET,COVETRUS INC,
2018,2019,ALTA,,,CVNA,CARVANA CO,
2018,2019,ALTA,,,DBX,DROPBOX,
2018,2019,ALTA,,,DD,DUPONT DE NEMOURS INC,
2018,2019,ALTA,,,DOW,DOW INC,
2018,2019,ALTA,,,ELAN,ELANCO ANIMAL HEALTH,
2018,2019,ALTA,,,ENTG,ENTEGRIS INC,
2018,2019,ALTA,,,ESI,ELEMENT SOLUTIONS INC.,
2018,2019,ALTA,,,ESTC,ELASTIC N.V.,
2018,2019,ALTA,,,ETRN,EQUITRANS MIDSTREAM CORP,
2018,2019,ALTA,,,ETSY,ETSY INC,
2018,2019,ALTA,,,FIVE,FIVE BELOW,
2018,2019,ALTA,,,FTDR,FRONTDOOR INC,
2018,2019,ALTA,,,GH,GUARDANT HEALTH,
2018,2019,ALTA,,,HUBS,HUBSPOT INC,
2018,2019,ALTA,,,HZNP,HORIZON THERAPEUTICS PLC,
2018,2019,ALTA,,,IAA,IAA,
2018,2019,ALTA,,,IDA,IDACORP INC,
2018,2019,ALTA,,,JHG,JANUS HENDERSON GROUP,
2018,2019,ALTA,,,KDP,KEURIG DR PEPPER INC,
2018,2019,ALTA,,,KMPR,KEMPER CORPORATION,
2018,2019,ALTA,,,LHX,L3HARRIS TECHNOLOGIES,
2018,2019,ALTA,,,LIN,LINDE PLC,
2018,2019,ALTA,,,LYFT,LYFT,
2018,2019,ALTA,,,MDB,MONGODB,
2018,2019,ALTA,,,MDSO,MEDIDATA SOLUTIONS INC,
2018,2019,ALTA,,,MRNA,MODERNA,
2018,2019,ALTA,,,MTG,MGIC INVESTMENT CORP,
2018,2019,ALTA,,,NEWR,NEW RELIC INC,
2018,2019,ALTA,,,NXST,NEXSTAR MEDIA GROUP INC,
2018,2019,ALTA,,,NYT,NEW YORK TIMES CO,
2018,2019,ALTA,,,OLLI,OLLIES BARGAIN OUTLET,
2018,2019,ALTA,,,OZK,BANK OZK,
2018,2019,ALTA,,,PCTY,PAYLOCITY HLDG CORP,
2018,2019,ALTA,,,PD,PAGERDUTY,
2018,2019,ALTA,,,PLAN,ANAPLAN,
2018,2019,ALTA,,,PLNT,PLANET FITNESS INC,
2018,2019,ALTA,,,PRI,PRIMERICA INC,
2018,2019,ALTA,,,PS,PLURALSIGHT INC,
2018,2019,ALTA,,,REZI,RESIDEO TECHNOLOGIES,
2018,2019,ALTA,,,ROKU,ROKU INC,
2018,2019,ALTA,,,SBGI,SINCLAIR BROADCAST GROUP,
2018,2019,ALTA,,,SITC,SITE CENTERS CORPORATION,
2018,2019,ALTA,,,SMAR,SMARTSHEET,
2018,2019,ALTA,,,SNX,SYNNEX CORP,
2018,2019,ALTA,,,SPOT,SPOTIFY TECHNOLOGY SA,
2018,2019,ALTA,,,SWI,SOLARWINDS,
2018,2019,ALTA,,,TREE,LENDINGTREE INC,
2018,2019,ALTA,,,TTD,THE TRADE DESK INC,
2018,2019,ALTA,,,UBER,UBER TECHNOLOGIES,
2018,2019,ALTA,,,VSAT,VIASAT INC,
2018,2019,ALTA,,,WWD,WOODWARD INC,
2018,2019,ALTA,,,WWE,WORLD WRESTLING ENTMNT,
2018,2019,ALTA,,,ZS,ZSCALER,
2019,2020,POSIBLE_RENAME_O_FUSION,MSG,MADISON SQUARE GARDEN CO,MSGE,MADISON SQUARE GARDEN EN,0.917
2019,2020,POSIBLE_RENAME_O_FUSION,BPR,BROOKFIELD PROPERTY REIT,BPYU,BROOKFIELD PROPERTY REIT,1.0
2019,2020,POSIBLE_RENAME_O_FUSION,JEC,JACOBS ENGINEERING GRP,J,JACOBS ENGINEERING GRP,1.0
2019,2020,BAJA,AA,ALCOA CORPORATION,,,
2019,2020,BAJA,AGN,ALLERGAN PLC,,,
2019,2020,BAJA,AMCX,AMC NETWORKS INC,,,
2019,2020,BAJA,APC,ANADARKO PETROLEUM CORP,,,
2019,2020,BAJA,APY,APERGY CORPORATION,,,
2019,2020,BAJA,AR,ANTERO RESOURCES CO,,,
2019,2020,BAJA,ARNC,ARCONIC INC,,,
2019,2020,BAJA,BBT,BB&T CORP,,,
2019,2020,BAJA,BGCP,BGC PARTNERS INC,,,
2019,2020,BAJA,BHGE,BAKER HUGHES GE,,,
2019,2020,BAJA,BKU,BANKUNITED INC,,,
2019,2020,BAJA,CBS,CBS CORPORATION,,,
2019,2020,BAJA,CDEV,CENTENNIAL RESOURCE DEV,,,
2019,2020,BAJA,CELG,CELGENE CORP,,,
2019,2020,BAJA,CHK,CHESAPEAKE ENERGY CORP,,,
2019,2020,BAJA,CIM,CHIMERA INVESTMENT CORP,,,
2019,2020,BAJA,CIT,CIT GROUP INC,,,
2019,2020,BAJA,CLNY,COLONY CAPITAL INC,,,
2019,2020,BAJA,CMD,CANTEL MEDICAL CORP,,,
2019,2020,BAJA,CNK,CINEMARK HOLDINGS INC,,,
2019,2020,BAJA,CVET,COVETRUS INC,,,
2019,2020,BAJA,CXP,COLUMBIA PPTY TR INC,,,
2019,2020,BAJA,CY,CYPRESS SEMICONDUCTOR,,,
2019,2020,BAJA,DATA,TABLEAU SOFTWARE INC,,,
2019,2020,BAJA,FDC,FIRST DATA CORPORATION,,,
2019,2020,BAJA,FLR,FLUOR CORP,,,
2019,2020,BAJA,GDI,GARDNER DENVER HOLDINGS,,,
2019,2020,BAJA,GT,GOODYEAR TIRE & RUBBER,,,
2019,2020,BAJA,GWR,GENESEE & WYOMING INC,,,
2019,2020,BAJA,HCP,HCP INC,,,
2019,2020,BAJA,HGV,HILTON GRAND VACATIONS,,,
2019,2020,BAJA,HPT,HOSPITALITY PPTYS TRUST,,,
2019,2020,BAJA,IGT,INTERNATIONAL GAME TECH,,,
2019,2020,BAJA,JHG,JANUS HENDERSON GROUP,,,
2019,2020,BAJA,KAR,KAR AUCTION SERVICES INC,,,
2019,2020,BAJA,KOS,KOSMOS ENERGY LTD,,,
2019,2020,BAJA,LLL,L3 TECHNOLOGIES,,,
2019,2020,BAJA,LPT,LIBERTY PROPERTY TRUST,,,
2019,2020,BAJA,M,MACYS INC,,,
2019,2020,BAJA,MAC,MACERICH CO,,,
2019,2020,BAJA,MD,MEDNAX INC,,,
2019,2020,BAJA,MDSO,MEDIDATA SOLUTIONS INC,,,
2019,2020,BAJA,MFA,MFA FINANCIAL INC,,,
2019,2020,BAJA,NAVI,NAVIENT CORPORATION,,,
2019,2020,BAJA,OI,OWENS ILLINOIS INC,,,
2019,2020,BAJA,PBF,PBF ENERGY INC,,,
2019,2020,BAJA,PTEN,PATTERSON UTI ENERGY,,,
2019,2020,BAJA,REZI,RESIDEO TECHNOLOGIES,,,
2019,2020,BAJA,RHT,RED HAT INC,,,
2019,2020,BAJA,RIG,TRANSOCEAN LTD,,,
2019,2020,BAJA,RPAI,RETAIL PPTYS AMER INC,,,
2019,2020,BAJA,RRC,RANGE RESOURCES CORP,,,
2019,2020,BAJA,RTN,RAYTHEON CO,,,
2019,2020,BAJA,S,SPRINT CORP,,,
2019,2020,BAJA,SBGI,SINCLAIR BROADCAST GROUP,,,
2019,2020,BAJA,SITC,SITE CENTERS CORPORATION,,,
2019,2020,BAJA,STI,SUNTRUST BANKS INC,,,
2019,2020,BAJA,SYMC,SYMANTEC CORP,,,
2019,2020,BAJA,TCBI,TEXAS CAPITAL BANCSHARES,,,
2019,2020,BAJA,TMK,TORCHMARK CORP,,,
2019,2020,BAJA,TRCO,TRIBUNE MEDIA CO,,,
2019,2020,BAJA,TSS,TOTAL SYSTEM SERVICES,,,
2019,2020,BAJA,TWO,TWO HBRS INVT CORP,,,
2019,2020,BAJA,UBNT,UBIQUITI NETWORKS INC,,,
2019,2020,BAJA,UFS,DOMTAR CORPORATION,,,
2019,2020,BAJA,URBN,URBAN OUTFITTERS INC,,,
2019,2020,BAJA,UTX,UNITED TECHNOLOGIES,,,
2019,2020,BAJA,VIA,VIACOM INC CL A,,,
2019,2020,BAJA,VIAB,VIACOM INC CL B,,,
2019,2020,BAJA,VSM,VERSUM MATERIALS,,,
2019,2020,BAJA,WBC,WABCO HOLDINGS INC,,,
2019,2020,BAJA,WCC,WESCO INTERNATIONAL INC,,,
2019,2020,BAJA,WCG,WELLCARE HEALTH PLANS,,,
2019,2020,BAJA,WP,WORLDPAY INC,,,
2019,2020,BAJA,WTR,AQUA AMERICA INC,,,
2019,2020,BAJA,X,UNITED STATES STEEL CORP,,,
2019,2020,BAJA,ZAYO,ZAYO GROUP HOLDINGS INC,,,
2019,2020,ALTA,,,AAXN,AXON ENTERPRISE INC,
2019,2020,ALTA,,,ACAD,ACADIA PHARMACEUTICALS,
2019,2020,ALTA,,,ADPT,ADAPTIVE BIOTECHNOLOGIES,
2019,2020,ALTA,,,AMCR,AMCOR,
2019,2020,ALTA,,,AMED,AMEDISYS INC,
2019,2020,ALTA,,,APO,APOLLO GLOBAL MANAGEMENT,
2019,2020,ALTA,,,ARES,ARES MANAGEMENT CORP,
2019,2020,ALTA,,,AVTR,AVANTOR INC,
2019,2020,ALTA,,,BILL,BILL.COM HOLDINGS,
2019,2020,ALTA,,,BKR,BAKER HUGHES COMPANY,
2019,2020,ALTA,,,CARR,CARRIER GLOBAL,
2019,2020,ALTA,,,CG,CARLYLE GROUP INC,
2019,2020,ALTA,,,CHGG,CHEGG INC,
2019,2020,ALTA,,,CHNG,CHANGE HEALTHCARE INC,
2019,2020,ALTA,,,CRUS,CIRRUS LOGIC INC,
2019,2020,ALTA,,,CRWD,CROWDSTRIKE HOLDINGS,
2019,2020,ALTA,,,DDOG,DATADOG,
2019,2020,ALTA,,,DT,DYNATRACE INC,
2019,2020,ALTA,,,ENPH,ENPHASE ENERGY INC,
2019,2020,ALTA,,,EVBG,EVERBRIDGE INC,
2019,2020,ALTA,,,FCN,FTI CONSULTING INC,
2019,2020,ALTA,,,FIVN,FIVE9 INC,
2019,2020,ALTA,,,FR,FIRST INDUSTRIAL RLTY TR,
2019,2020,ALTA,,,FSLY,FASTLY,
2019,2020,ALTA,,,GBT,GLOBAL BLOOD THERA,
2019,2020,ALTA,,,GL,GLOBE LIFE INC,
2019,2020,ALTA,,,GLOB,GLOBANT SA,
2019,2020,ALTA,,,GMED,GLOBUS MEDICAL INC,
2019,2020,ALTA,,,GNRC,GENERAC HOLDINGS INC,
2019,2020,ALTA,,,GO,GROCERY OUTLET HOLDING,
2019,2020,ALTA,,,HAE,HAEMONETICS CORP,
2019,2020,ALTA,,,HWM,HOWMET AEROSPACE INC,
2019,2020,ALTA,,,IMMU,IMMUNOMEDICS INC,
2019,2020,ALTA,,,IOVA,IOVANCE BIOTHERAPEUTICS,
2019,2020,ALTA,,,IPHI,INPHI CORP,
2019,2020,ALTA,,,KKR,KKR & CO INC,
2019,2020,ALTA,,,LITE,LUMENTUM HOLDINGS INC,
2019,2020,ALTA,,,LVGO,LIVONGO HEALTH INC,
2019,2020,ALTA,,,MDLA,MEDALLIA INC,
2019,2020,ALTA,,,MRCY,MERCURY SYSTEMS INC,
2019,2020,ALTA,,,MSA,MSA SAFETY INC,
2019,2020,ALTA,,,MSGS,MADI SQ GARD SPORTS,
2019,2020,ALTA,,,NET,CLOUDFLARE,
2019,2020,ALTA,,,NLOK,NORTONLIFELOCK INC,
2019,2020,ALTA,,,NVCR,NOVOCURE LTD,
2019,2020,ALTA,,,NVST,ENVISTA HOLDINGS,
2019,2020,ALTA,,,OTIS,OTIS WORLDWIDE,
2019,2020,ALTA,,,PEAK,HEALTHPEAK PROPERTIES,
2019,2020,ALTA,,,PINS,PINTEREST,
2019,2020,ALTA,,,PPD,PPD,
2019,2020,ALTA,,,PTON,PELOTON INTERACTIVE,
2019,2020,ALTA,,,QDEL,QUIDEL CORP,
2019,2020,ALTA,,,RETA,REATE PHARMACEUTICALS,
2019,2020,ALTA,,,REXR,REXFORD INDUSTRIAL RLTY,
2019,2020,ALTA,,,REYN,REYNOLDS CONSUMER PRODUC,
2019,2020,ALTA,,,RGEN,REPLIGEN CORP,
2019,2020,ALTA,,,RTX,RAYTHEON TECHNOLOGIES CO,
2019,2020,ALTA,,,SAIC,SCIENCE APPLICATIONS INT,
2019,2020,ALTA,,,SAM,BOSTON BEER INC,
2019,2020,ALTA,,,SEDG,SOLAREDGE TECHNOLOGIES,
2019,2020,ALTA,,,SPCE,VIRGIN GALACTIC HLDG (A),
2019,2020,ALTA,,,STNE,STONECO,
2019,2020,ALTA,,,SYNH,SYNEOS HEALTH INC,
2019,2020,ALTA,,,TDOC,TELADOC HEALTH INC,
2019,2020,ALTA,,,TFC,TRUIST FINANCIAL CORP,
2019,2020,ALTA,,,TNDM,TANDEM DIABETES CARE INC,
2019,2020,ALTA,,,TREX,TREX INC,
2019,2020,ALTA,,,TT,TRANE TECHNOLOGIES PLC,
2019,2020,ALTA,,,TW,TRADEWEB MARKETS,
2019,2020,ALTA,,,TXG,10X GENOMICS,
2019,2020,ALTA,,,UI,UBIQUITI INC,
2019,2020,ALTA,,,VIAC,VIACOMCBS (B),
2019,2020,ALTA,,,VIACA,VIACOMCBS (A),
2019,2020,ALTA,,,VRT,VERTIV HOLDINGS CO (A),
2019,2020,ALTA,,,WORK,SLACK TECHNOLOGIES,
2019,2020,ALTA,,,WTRG,ESSENTIAL UTILITIES INC,
2019,2020,ALTA,,,XLRN,ACCELERON PHARMA INC,
2019,2020,ALTA,,,ZM,ZOOM VIDEO COMMUNICATION,
2020,2021,POSIBLE_RENAME_O_FUSION,AAXN,AXON ENTERPRISE INC,AXON,AXON ENTERPRISE,0.882
2020,2021,BAJA,ACAD,ACADIA PHARMACEUTICALS,,,
2020,2021,BAJA,AGIO,AGIOS PHARMACEUTICALS,,,
2020,2021,BAJA,AIV,APARTMENT INVT & MGMT,,,
2020,2021,BAJA,ALKS,ALKERMES PLC,,,
2020,2021,BAJA,AMTD,TD AMERITRADE HOLDING,,,
2020,2021,BAJA,ANAT,AMERICAN NATIONAL INS CO,,,
2020,2021,BAJA,APLE,APPLE HOSPITALITY REIT,,,
2020,2021,BAJA,ASB,ASSOCIATED BANC CORP,,,
2020,2021,BAJA,BDN,BRANDYWINE REALTY TRUST,,,
2020,2021,BAJA,BLUE,BLUEBIRD BIO INC,,,
2020,2021,BAJA,CBT,CABOT CORP,,,
2020,2021,BAJA,CLGX,CORELOGIC INC,,,
2020,2021,BAJA,CTL,CENTURYLINK INC,,,
2020,2021,BAJA,CXO,CONCHO RESOURCES INC,,,
2020,2021,BAJA,DNKN,DUNKIN BRANDS GROUP INC,,,
2020,2021,BAJA,EAF,GRAFTECH INTERNATIONAL,,,
2020,2021,BAJA,ENR,ENERGIZER HOLDINGS INC,,,
2020,2021,BAJA,EQC,EQUITY COMMONWEALTH,,,
2020,2021,BAJA,ESRT,EMPIRE STATE REALTY,,,
2020,2021,BAJA,ETFC,E TRADE FINANCIAL CORP,,,
2020,2021,BAJA,ETRN,EQUITRANS MIDSTREAM CORP,,,
2020,2021,BAJA,EV,EATON VANCE CORP,,,
2020,2021,BAJA,FLIR,FLIR SYSTEMS INC,,,
2020,2021,BAJA,GBT,GLOBAL BLOOD THERA,,,
2020,2021,BAJA,GHC,GRAHAM HOLDINGS COMPANY,,,
2020,2021,BAJA,GIS,GENERAL MILLS INC,,,
2020,2021,BAJA,GLIBA,GCI LIBERTY INC,,,
2020,2021,BAJA,GRUB,GRUBHUB INC,,,
2020,2021,BAJA,HAE,HAEMONETICS CORP,,,
2020,2021,BAJA,HDS,HD SUPPLY HOLDINGS INC,,,
2020,2021,BAJA,HP,HELMERICH & PAYNE INC,,,
2020,2021,BAJA,HZNP,HORIZON THERAPEUTICS PLC,,,
2020,2021,BAJA,IMMU,IMMUNOMEDICS INC,,,
2020,2021,BAJA,IPHI,INPHI CORP,,,
2020,2021,BAJA,JW.A,WILEY JOHN & SONS INC,,,
2020,2021,BAJA,LGF.A,LIONS GATE ENT CLASS A,,,
2020,2021,BAJA,LGF.B,LIONS GATE ENT CLASS B,,,
2020,2021,BAJA,LIN,LINDE PLC,,,
2020,2021,BAJA,LM,LEGG MASON INC,,,
2020,2021,BAJA,LOGM,LOGMEIN INC,,,
2020,2021,BAJA,LVGO,LIVONGO HEALTH INC,,,
2020,2021,BAJA,MIC,MACQUARIE INFRASTRUCTURE,,,
2020,2021,BAJA,MSGE,MADISON SQUARE GARDEN EN,,,
2020,2021,BAJA,MUR,MURPHY OIL CORP,,,
2020,2021,BAJA,MYL,MYLAN NV,,,
2020,2021,BAJA,NBL,NOBLE ENERGY INC,,,
2020,2021,BAJA,NUS,NU SKIN ENTERPRISES,,,
2020,2021,BAJA,OFC,CORPORATE OFFICE PPTYS,,,
2020,2021,BAJA,OUT,OUTFRONT MEDIA INC,,,
2020,2021,BAJA,PD,PAGERDUTY,,,
2020,2021,BAJA,PE,PARSLEY ENERGY INC,,,
2020,2021,BAJA,PGRE,PARAMOUNT GROUP INC,,,
2020,2021,BAJA,PS,PLURALSIGHT INC,,,
2020,2021,BAJA,RETA,REATE PHARMACEUTICALS,,,
2020,2021,BAJA,RP,REALPAGE INC,,,
2020,2021,BAJA,SAIC,SCIENCE APPLICATIONS INT,,,
2020,2021,BAJA,SATS,ECHOSTAR CORP,,,
2020,2021,BAJA,SEDG,SOLAREDGE TECHNOLOGIES,,,
2020,2021,BAJA,SERV,SERVICEMASTER GLOBAL,,,
2020,2021,BAJA,SFM,SPROUTS FRMRS MKT INC,,,
2020,2021,BAJA,STAY,EXTENDED STAY AMERICA,,,
2020,2021,BAJA,STE,STERIS PLC,,,
2020,2021,BAJA,TCF,TCF FINANCIAL CORP,,,
2020,2021,BAJA,TCO,TAUBMAN CENTERS INC,,,
2020,2021,BAJA,TDS,TELEPHONE & DATA SYSTEMS,,,
2020,2021,BAJA,THS,TREEHOUSE FOODS INC,,,
2020,2021,BAJA,TIF,TIFFANY & CO,,,
2020,2021,BAJA,TREE,LENDINGTREE INC,,,
2020,2021,BAJA,TRN,TRINITY INDUSTRIES INC,,,
2020,2021,BAJA,TWOU,2U INC,,,
2020,2021,BAJA,USM,UNITED STATES CELLULAR,,,
2020,2021,BAJA,VAR,VARIAN MEDICAL SYSTEMS,,,
2020,2021,BAJA,WPX,WPX ENERGY INC,,,
2020,2021,BAJA,WYND,WYNDHAM DESTINATIONS INC,,,
2020,2021,ALTA,,,AA,ALCOA CORPORATION,
2020,2021,ALTA,,,ACI,ALBERTSONS COMPANIES,
2020,2021,ALTA,,,AGL,AGILON HEALTH,
2020,2021,ALTA,,,AI,C3 AI,
2020,2021,ALTA,,,AIRC,APARTMENT INCOME REIT,
2020,2021,ALTA,,,ALGM,ALLEGRO MICROSYSTEMS,
2020,2021,ALTA,,,AZEK,THE AZEK COMPANY,
2020,2021,ALTA,,,BEPC,BROOKFIELD RENEWABLE CORPORATION,
2020,2021,ALTA,,,BLD,TOPBUILD,
2020,2021,ALTA,,,BLDR,BUILDERS FIRSTSOURCE INC.,
2020,2021,ALTA,,,BRKS,BROOKS AUTOMATION,
2020,2021,ALTA,,,BSY,BENTLEY SYSTEMS,
2020,2021,ALTA,,,BX,THE BLACKSTONE GROUP INC,
2020,2021,ALTA,,,BYD,BOYD GAMING,
2020,2021,ALTA,,,CERT,CERTARA,
2020,2021,ALTA,,,CHDN,CHURCHILL DOWNS,
2020,2021,ALTA,,,CHPT,CHARGEPOINT HOLDINGS INC (A),
2020,2021,ALTA,,,CLF,CLEVELAND-CLIFFS,
2020,2021,ALTA,,,CLVT,CLARIVATE PLC (A),
2020,2021,ALTA,,,CNXC,CONCENTRIX,
2020,2021,ALTA,,,CVAC,CUREVAC NV,
2020,2021,ALTA,,,DAR,DARLING INGREDIENTS,
2020,2021,ALTA,,,DASH,DOORDASH,
2020,2021,ALTA,,,DCT,DUCK CREEK TECHNOLOGIES,
2020,2021,ALTA,,,DECK,DECKERS OUTDOOR,
2020,2021,ALTA,,,DKNG,DRAFTKINGS INC (A),
2020,2021,ALTA,,,DNB,DUN AND BRADSTREET HOLDINGS,
2020,2021,ALTA,,,DRVN,DRIVEN BRANDS HOLDINGS,
2020,2021,ALTA,,,DSEY,DIVERSEY HOLDINGS,
2020,2021,ALTA,,,DV,DOUBLEVERIFY HOLDINGS,
2020,2021,ALTA,,,FOUR,SHIFT4 PAYMENTS,
2020,2021,ALTA,,,FRPT,FRESHPET,
2020,2021,ALTA,,,GME,GAMESTOP CORP,
2020,2021,ALTA,,,GOCO,GOHEALTH,
2020,2021,ALTA,,,HAYW,HAYWARD HOLDINGS,
2020,2021,ALTA,,,JAMF,JAMF HOLDING,
2020,2021,ALTA,,,JHG,JANUS HENDERSON GROUP,
2020,2021,ALTA,,,LAD,LITHIA MOTORS,
2020,2021,ALTA,,,LESL,LESLIES,
2020,2021,ALTA,,,LMND,LEMONADE,
2020,2021,ALTA,,,LPX,LOUISIANA-PACIFIC,
2020,2021,ALTA,,,LUMN,LUMEN TECHNOLOGIES INC,
2020,2021,ALTA,,,MCFE,MCAFEE,
2020,2021,ALTA,,,MRTX,MIRATI THERAPEUTICS INC,
2020,2021,ALTA,,,MRVI,MARAVAI LIFESCIENCES HOLDINGS,
2020,2021,ALTA,,,MSP,DATTO HOLDING,
2020,2021,ALTA,,,MTZ,MASTEC INC,
2020,2021,ALTA,,,NCNO,NCINO,
2020,2021,ALTA,,,NFE,NEW FORTRESS ENERGY,
2020,2021,ALTA,,,NTRA,NATERA,
2020,2021,ALTA,,,NVAX,NOVAVAX,
2020,2021,ALTA,,,NXPI,NXP SEMICONDUCTORS,
2020,2021,ALTA,,,OGN,ORGANON,
2020,2021,ALTA,,,OPEN,OPENDOOR TECHNOLOGIES INC (A),
2020,2021,ALTA,,,OSH,OAK STREET HEALTH,
2020,2021,ALTA,,,PENN,PENN NATIONAL GAMING,
2020,2021,ALTA,,,PLTK,PLAYTIKA HOLDING,
2020,2021,ALTA,,,PLTR,PALANTIR TECHNOLOGIES,
2020,2021,ALTA,,,PLUG,PLUG POWER INC,
2020,2021,ALTA,,,PSFE,PAYSAFE LIMITED (A),
2020,2021,ALTA,,,QS,QUANTUMSCAPE,
2020,2021,ALTA,,,RARE,ULTRAGENYX PHARMACEUTICAL,
2020,2021,ALTA,,,RH,RH,
2020,2021,ALTA,,,RKT,ROCKET COMPANIES,
2020,2021,ALTA,,,RPRX,ROYALTY PHARMA,
2020,2021,ALTA,,,RUN,SUNRUN,
2020,2021,ALTA,,,SF,STIFEL FIN CORP,
2020,2021,ALTA,,,SGFY,SIGNIFY HEALTH,
2020,2021,ALTA,,,SHC,SOTERA HEALTH,
2020,2021,ALTA,,,SHLS,SHOALS TECHNOLOGIES GROUP,
2020,2021,ALTA,,,SITE,SITEONE LANDSCAPE SUPPLY,
2020,2021,ALTA,,,SKLZ,SKILLZ INC (A),
2020,2021,ALTA,,,SNOW,SNOWFLAKE,
2020,2021,ALTA,,,TMX,TERMINIX GLOBAL HOLDINGS INC,
2020,2021,ALTA,,,TNL,TRAVEL PLUS LEISURE CO,
2020,2021,ALTA,,,TPL,TEXAS PACIFIC LAND CORPORATION,
2020,2021,ALTA,,,TSP,TUSIMPLE HOLDINGS,
2020,2021,ALTA,,,U,UNITY SOFTWARE,
2020,2021,ALTA,,,UPST,UPSTART HOLDINGS,
2020,2021,ALTA,,,UWMC,UWM HOLDINGS CORPORATION (A),
2020,2021,ALTA,,,VAC,MARRIOTT VACATIONS WORLDWIDE,
2020,2021,ALTA,,,VMEO,VIMEO,
2020,2021,ALTA,,,VNT,VONTIER,
2020,2021,ALTA,,,VRM,VROOM,
2020,2021,ALTA,,,VTRS,VIATRIS,
2020,2021,ALTA,,,WIX,WIX.COM,
2020,2021,ALTA,,,WMS,ADVANCED DRAINAGE SYSTEMS,
2020,2021,ALTA,,,WOOF,PETCO HEALTH AND WELLNESS,
2020,2021,ALTA,,,X,UNITED STATES STEEL CORP,
2020,2021,ALTA,,,YETI,YETI HOLDINGS,
2021,2022,POSIBLE_RENAME_O_FUSION,BLL,BALL CORP,BALL,BALL CORP,1.0
2021,2022,POSIBLE_RENAME_O_FUSION,WLTW,WILLIS TOWERS WATSON PLC,WTW,WILLIS TOWERS WATSON PLC,1.0
2021,2022,BAJA,ADPT,ADAPTIVE BIOTECHNOLOGIES,,,
2021,2022,BAJA,ADS,ALLIANCE DATA SYSTEMS CORP,,,
2021,2022,BAJA,AI,C3 AI,,,
2021,2022,BAJA,ALXN,ALEXION PHARM,,,
2021,2022,BAJA,ARD,ARDAGH GROUP,,,
2021,2022,BAJA,ATH,ATHENE HOLDING,,,
2021,2022,BAJA,BPYU,BROOKFIELD PROPERTY,,,
2021,2022,BAJA,BRKS,BROOKS AUTOMATION,,,
2021,2022,BAJA,BYND,BEYOND MEAT,,,
2021,2022,BAJA,CERN,CERNER CORP,,,
2021,2022,BAJA,CFX,COLFAX,,,
2021,2022,BAJA,CHGG,CHEGG,,,
2021,2022,BAJA,COG,CABOT OIL & GAS,,,
2021,2022,BAJA,COMM,COMMSCOPE HOLDING COMPANY,,,
2021,2022,BAJA,CONE,CYRUSONE,,,
2021,2022,BAJA,COR,CORESITE REALTY,,,
2021,2022,BAJA,CREE,CREE INC,,,
2021,2022,BAJA,CVAC,CUREVAC NV,,,
2021,2022,BAJA,DCT,DUCK CREEK TECHNOLOGIES,,,
2021,2022,BAJA,DISCA,DISCOVERY SERIES A,,,
2021,2022,BAJA,DISCK,DISCOVERY SERIES C,,,
2021,2022,BAJA,DSEY,DIVERSEY HOLDINGS,,,
2021,2022,BAJA,EVBG,EVERBRIDGE,,,
2021,2022,BAJA,FB,FACEBOOK CLASS A,,,
2021,2022,BAJA,FEYE,FIREEYE,,,
2021,2022,BAJA,FL,FOOT LOCKER INC,,,
2021,2022,BAJA,FSLY,FASTLY,,,
2021,2022,BAJA,FTDR,FRONTDOOR,,,
2021,2022,BAJA,GE,GENERAL ELECTRIC,,,
2021,2022,BAJA,GOCO,GOHEALTH,,,
2021,2022,BAJA,GRA,GRACE (WR),,,
2021,2022,BAJA,HAIN,HAIN CELESTIAL,,,
2021,2022,BAJA,HFC,HOLLYFRONTIER,,,
2021,2022,BAJA,HLF,HERBALIFE NUTRITION,,,
2021,2022,BAJA,HRC,HILL-ROM HOLDINGS,,,
2021,2022,BAJA,INFO,IHS MARKIT,,,
2021,2022,BAJA,IOVA,IOVANCE BIOTHERAPEUTICS,,,
2021,2022,BAJA,KSU,KANSAS CITY SOUTHERN,,,
2021,2022,BAJA,LB,L BRANDS,,,
2021,2022,BAJA,LMND,LEMONADE,,,
2021,2022,BAJA,MCFE,MCAFEE,,,
2021,2022,BAJA,MCY,MERCURY GENERAL,,,
2021,2022,BAJA,MDLA,MEDALLIA,,,
2021,2022,BAJA,MSP,DATTO HOLDING,,,
2021,2022,BAJA,MXIM,MAXIM INTEGRATED PROD.,,,
2021,2022,BAJA,NKTR,NEKTAR THERAPEUTICS,,,
2021,2022,BAJA,NUAN,NUANCE COMMUNICATIONS,,,
2021,2022,BAJA,NXPI,NXP SEMICONDUCTORS,,,
2021,2022,BAJA,PBCT,PEOPLE'S UNITED FINANCIAL,,,
2021,2022,BAJA,PFPT,PROOFPOINT,,,
2021,2022,BAJA,PLAN,ANAPLAN,,,
2021,2022,BAJA,PPD,PPD,,,
2021,2022,BAJA,PRAH,PRA HEALTH SCIENCES,,,
2021,2022,BAJA,PSFE,PAYSAFE LIMITED (A),,,
2021,2022,BAJA,QRTEA,QURATE RETAIL,,,
2021,2022,BAJA,RBC,REGAL BELOIT,,,
2021,2022,BAJA,SABR,SABRE CORP,,,
2021,2022,BAJA,SAGE,SAGE THERAPEUTICS,,,
2021,2022,BAJA,SC,SANTANDER CONSUMER USA HOLDINGS,,,
2021,2022,BAJA,SF,STIFEL FIN CORP,,,
2021,2022,BAJA,SHLS,SHOALS TECHNOLOGIES GROUP,,,
2021,2022,BAJA,SKLZ,SKILLZ INC (A),,,
2021,2022,BAJA,SPCE,VIRGIN GALACTIC HOLDINGS (A),,,
2021,2022,BAJA,SQ,SQUARE CLASS A,,,
2021,2022,BAJA,STL,STERLING BANCORP,,,
2021,2022,BAJA,STNE,STONECO,,,
2021,2022,BAJA,SWI,SOLARWINDS,,,
2021,2022,BAJA,TSP,TUSIMPLE HOLDINGS,,,
2021,2022,BAJA,VER,VEREIT,,,
2021,2022,BAJA,VIAC,VIACOMCBS (B),,,
2021,2022,BAJA,VIACA,VIACOMCBS (A),,,
2021,2022,BAJA,VMEO,VIMEO,,,
2021,2022,BAJA,VRM,VROOM,,,
2021,2022,BAJA,WORK,SLACK TECHNOLOGIES,,,
2021,2022,BAJA,WRI,WEINGARTEN REALTY INVESTORS,,,
2021,2022,BAJA,XEC,CIMAREX ENERGY CO,,,
2021,2022,BAJA,XLNX,XILINX,,,
2021,2022,BAJA,XLRN,ACCELERON PHARMA INC,,,
2021,2022,BAJA,XRX,XEROX HOLDINGS,,,
2021,2022,BAJA,YUMC,YUM CHINA HOLDINGS,,,
2021,2022,BAJA,ZNGA,ZYNGA,,,
2021,2022,ALTA,,,ABNB,AIRBNB,
2021,2022,ALTA,,,AFRM,AFFIRM HOLDINGS,
2021,2022,ALTA,,,AMBP,ARDAGH METAL PACKAGING SA,
2021,2022,ALTA,,,AMC,AMC ENTERTAINMENT,
2021,2022,ALTA,,,APP,APPLOVIN,
2021,2022,ALTA,,,AR,ANTERO RESOURCES,
2021,2022,ALTA,,,AZTA,AZENTA INC,
2021,2022,ALTA,,,BBWI,BATH & BODY WORKS INC,
2021,2022,ALTA,,,BJ,BJ'S WHOLESALE CLUB HOLDINGS,
2021,2022,ALTA,,,CAR,AVIS BUDGET GROUP,
2021,2022,ALTA,,,CEG,CONSTELLATION ENERGY,
2021,2022,ALTA,,,CFLT,CONFLUENT,
2021,2022,ALTA,,,CHK,CHESAPEAKE ENERGY,
2021,2022,ALTA,,,CNM,CORE & MAIN,
2021,2022,ALTA,,,COIN,COINBASE GLOBAL,
2021,2022,ALTA,,,CTRA,COTERRA ENERGY INC,
2021,2022,ALTA,,,DH,DEFINITIVE HEALTHCARE,
2021,2022,ALTA,,,DINO,HF SINCLAIR CORPORATION,
2021,2022,ALTA,,,DNA,GINKGO BIOWORKS HOLDINGS INC (A),
2021,2022,ALTA,,,DOCS,DOXIMITY,
2021,2022,ALTA,,,DTM,DT MIDSTREAM,
2021,2022,ALTA,,,EGP,EASTGROUP PROPERTIES,
2021,2022,ALTA,,,ENOV,ENOVIS CORPORATION,
2021,2022,ALTA,,,ESAB,ESAB CORPORATION,
2021,2022,ALTA,,,EVA,ENVIVA INC,
2021,2022,ALTA,,,FYBR,FRONTIER COMMUNICATIONS PARENT INC,
2021,2022,ALTA,,,GFS,GLOBALFOUNDRIES,
2021,2022,ALTA,,,GIS,GENERAL MILLS,
2021,2022,ALTA,,,GXO,GXO LOGISTICS,
2021,2022,ALTA,,,HOOD,ROBINHOOD MARKETS,
2021,2022,ALTA,,,HTZ,HERTZ GLOBAL HOLDINGS,
2021,2022,ALTA,,,IIVI,II-VI INC,
2021,2022,ALTA,,,INFA,INFORMATICA,
2021,2022,ALTA,,,KBR,KBR,
2021,2022,ALTA,,,KD,KYNDRYL HOLDINGS,
2021,2022,ALTA,,,LCID,LUCID GROUP INC (A),
2021,2022,ALTA,,,LIN,LINDE PLC,
2021,2022,ALTA,,,LSCC,LATTICE SEMICONDUCTOR,
2021,2022,ALTA,,,M,MACYS,
2021,2022,ALTA,,,MCW,MISTER CAR WASH,
2021,2022,ALTA,,,META,META PLATFORMS INC,
2021,2022,ALTA,,,MNDT,MANDIANT INC,
2021,2022,ALTA,,,MP,MP MATERIALS CORP (A),
2021,2022,ALTA,,,NSA,NATIONAL STORAGE AFFILIATES TRUST,
2021,2022,ALTA,,,OLPX,OLAPLEX HOLDINGS,
2021,2022,ALTA,,,OVV,OVINTIV INC,
2021,2022,ALTA,,,OWL,BLUE OWL CAPITAL,
2021,2022,ALTA,,,PARA,PARAMOUNT GLOBAL (B),
2021,2022,ALTA,,,PARAA,PARAMOUNT GLOBAL (A),
2021,2022,ALTA,,,PATH,UIPATH,
2021,2022,ALTA,,,PCOR,PROCORE TECHNOLOGIES,
2021,2022,ALTA,,,PDCE,PDC ENERGY,
2021,2022,ALTA,,,PFGC,PERFORMANCE FOOD GROUP,
2021,2022,ALTA,,,PYCR,PAYCOR HCM,
2021,2022,ALTA,,,RBLX,ROBLOX,
2021,2022,ALTA,,,RIVN,RIVIAN AUTOMOTIVE,
2021,2022,ALTA,,,RRC,RANGE RESOURCES,
2021,2022,ALTA,,,RRX,REGAL REXNORD CORPORATION,
2021,2022,ALTA,,,RYAN,RYAN SPECIALTY HOLDINGS INC (A),
2021,2022,ALTA,,,S,SENTINELONE,
2021,2022,ALTA,,,SOFI,SOFI TECHNOLOGIES INC,
2021,2022,ALTA,,,SSRM,SSR MINING,
2021,2022,ALTA,,,STE,STERIS PLC,
2021,2022,ALTA,,,SWN,SOUTHWESTERN ENERGY,
2021,2022,ALTA,,,THC,TENET HEALTHCARE,
2021,2022,ALTA,,,TOST,TOAST,
2021,2022,ALTA,,,TTEK,TETRA TECH INC,
2021,2022,ALTA,,,TWKS,THOUGHTWORKS HOLDING,
2021,2022,ALTA,,,VSCO,VICTORIAS SECRET & CO,
2021,2022,ALTA,,,WBD,WARNER BROS DISCOVERY INC,
2021,2022,ALTA,,,WCC,WESCO INTERNATIONAL,
2021,2022,ALTA,,,WE,WEWORK INC (A),
2021,2022,ALTA,,,WOLF,WOLFSPEED INC,
2021,2022,ALTA,,,WSC,WILLSCOT MOBILE MINI HOLDINGS CORP,
2021,2022,ALTA,,,ZI,ZOOMINFO TECHNOLOGIES,
